exchange,symbol,name,isin,adj_close,technical_score,sii_score,evidence_coverage,bucket,firewall,pe,pat_yoy,cfo_pat,roic_proxy,debt_equity,rank
NSE,TBZ,TRIB BHIMJI ZAVERI LTD,INE760L01018,655.6,99.79,38.5714,0.6666666666666666,CORE,,,,,,,407
NSE,RAYMOND,RAYMOND LTD,INE301A01014,1196.65,99.65,38.5714,0.6666666666666666,CORE,,,,,,,9999
NSE,BODALCHEM,BODAL CHEMICALS LTD,INE338D01028,202.02,99.59,38.5714,0.6666666666666666,CORE,,,,,,,9999
BSE,RAYMOND,RAYMOND LTD.,INE301A01014,1198.9,99.2,38.5714,0.6666666666666666,CORE,,,,,,,9999
NSE,AHCL,ANLON HEALTHCARE LIMITED,INE0Y8W01025,31.51,99.08,38.5714,0.6666666666666666,CORE,,7191702.872724148,,,,,9999
NSE,INDORAMA,INDO RAMA SYNTHETICS LTD,INE156A01020,99.36,98.88,38.5714,0.6666666666666666,CORE,,,,,,,9999
NSE,KABRAEXTRU,KABRA EXTRUSION TECHNIK L,INE900B01029,846.4,98.86,38.5714,0.6666666666666666,CORE,,,,,,,9999
BSE,TBZ,TRIBHOVANDAS BHIMJI ZAVERI LTD,INE760L01018,657.2,98.85,38.5714,0.6666666666666666,CORE,,,,,,,407
NSE,STLNETWORK,STL NETWORKS LIMITED,INE1VXE01018,54.61,98.84,38.5714,0.6666666666666666,CORE,,,,,,,9999
NSE,MOREPENLAB,MOREPEN LAB. LTD,INE083A01026,120.38,98.81,38.5714,0.6666666666666666,CORE,,,,,,,208
NSE,FILATEX,FILATEX INDIA LTD,INE816B01035,106.94,98.78,38.5714,0.6666666666666666,CORE,,,,,,,9999
NSE,MANINDS,MAN INDUSTRIES (I) LTD.,INE993A01026,1020.35,98.73,38.5714,0.6666666666666666,CORE,,,,,,,9999
NSE,WELCORP,WELSPUN CORP LIMITED,INE191B01025,2832.4,98.69,38.5714,0.6666666666666666,CORE,,,,,,,98
BSE,ASMTEC,ASM TECHNOLOGIES LTD.,INE867C01010,7004.2,98.62,38.5714,0.6666666666666666,CORE,,,,,,,9999
BSE,BODALCHEM,BODAL CHEMICALS LTD.,INE338D01028,201.8,98.57,38.5714,0.6666666666666666,CORE,,,,,,,9999
NSE,ANTELOPUS,ANTELOPUS SELAN ENRGY LTD,INE818A01017,1261.7,98.16,38.5714,0.6666666666666666,CORE,,,,,,,9999
BSE,WELCORP,WELSPUN CORP LIMITED,INE191B01025,2832.25,98.12,38.5714,0.6666666666666666,CORE,,,,,,,98
BSE,AHCL,ANLON HEALTHCARE LIMITED,INE0Y8W01025,31.61,98.12,38.5714,0.6666666666666666,CORE,,,,,,,9999
NSE,BHAGERIA,BHAGERIA INDUSTRIES LTD,INE354C01027,394.6,98.1,38.5714,0.6666666666666666,CORE,,,,,,,9999
NSE,BIRLACABLE,BIRLA CABLE LIMITED,INE800A01015,362.45,98.02,38.5714,0.6666666666666666,CORE,,,,,,,9999
